{
  "assets/js/charts-runtime.js": 1776978728.67511,
  "assets/js/companies-data.js": 1776977586.6909146,
  "assets/js/companies-timeseries.js": 1776978679.264799,
  "00_VALUE_CHAIN_MAP.md": 1776971534.50396,
  "01_DEEP_DIVE_ADVANCED_PACKAGING.md": 1776971535.6994746,
  "02_KEY_FINANCIALS.md": 1776977772.4551342,
  "03_READING_LIST_GAPS.md": 1776971537.856926,
  "04_MASTER_BALANCE_SHEETS.md": 1777003300.219568,
  "05_MASTER_TIME_SERIES.md": 1776978848.137958,
  "KNOWN_LIMITATIONS.md": 1776978849.726228,
  "README.md": 1776978860.4704564,
  "_includes/head_custom.html": 1776978689.9351158,
  "00 MEDIPAL integrated report 2025.pdf": 1773267048.7529862,
  "00 SHIBUARA integrated report 2025.pdf": 1773266677.451299,
  "00 UACJ integrated report 2025.pdf": 1773271619.759395,
  "01_25.3Q_Consolidated_Financial_Results_e.pdf": 1773803540.546311,
  "02_25.3Q_Supplementary_Explanation_e.pdf": 1773803540.5524025,
  "2024 Annual Report-E TSMC.pdf": 1773085761.69422,
  "2024 Annual Report.pdf": 1773086076.813307,
  "2024 Shinagawa Update_20240530.pdf": 1773270474.8264036,
  "2024 WIN Annual Report.pdf": 1773366826.0701194,
  "2024annual report SEINO.pdf": 1773270374.3603864,
  "2024AR_ENG_all UMC United Microelectronics Corporation Annual report 2024.pdf": 1773113675.6250224,
  "2024_Annual Report ITRI taiwan.pdf": 1773287857.1098683,
  "2024_Annual Report.pdf": 1773287809.2350934,
  "2024_AnnualReport_EN.pdf": 1773342588.2979755,
  "2024_Annual_Report_REALTEK.pdf": 1773102000.9904854,
  "2024_WPG_annual_report_E (1).pdf": 1773427585.7513354,
  "2024_WPG_annual_report_E.pdf": 1773368620.4978964,
  "2025 Annual Report (Bookmarked) APPLIED MATERIALS.pdf": 1773085946.8709183,
  "2025 Nanya Tech Product Brochure_V4.pdf": 1773085990.8920445,
  "20250506232053383995188_en VIS annual report 2025.pdf": 1773083254.4149652,
  "20250603150724453273521_en ASE holdings annual report 2024.pdf": 1773287733.5742197,
  "20250826_zeiss_aramis_brochure_digital_en.pdf.pdf": 1774196026.8332255,
  "2025120101-7640.pdf": 1773004704.7449684,
  "2025Q3-Balance-Sheet.pdf": 1773342546.228236,
  "2025_0923_TGV-solutions_DataSheet.pdf": 1773589630.1103246,
  "2025_EN_IC_substrate_flyer_1027.pdf": 1773589665.2217574,
  "2025_ScanBox_BR_Digital_EN.pdf.pdf": 1774196022.1126263,
  "2026010105-7725.pdf": 1773004693.587973,
  "2026010106-7715.pdf": 1773004740.594962,
  "2026H1_Megawin_Brochure(EN)_v1.0.pdf": 1773290881.301198,
  "241210_zeiss_tritop_brochure_en.pdf.pdf": 1774196025.9281075,
  "26third_all_e NIKON 3Q 2025 Result.pdf": 1773239886.7222736,
  "4Q25-investor-conference_EN_Final Windbond 2025.pdf": 1773101779.3994138,
  "About_ISTI.pdf": 1773287893.7087016,
  "AJINOMOTO FINE INC ABF-presentation.pdf": 1774130501.204522,
  "ALCOR fabless 2024_AnnualReport_EN.pdf": 1773342604.402572,
  "ALL_Analyst_Day_2025_IR_SITE_NEW TERADYNE investor day Mar 2025.pdf": 1773265269.1195295,
  "AMS OSRAM sensor biomonitoring SFH 7072_EN.pdf": 1773590144.0999658,
  "annual-report-2024-asm-final.pdf": 1773189888.2589736,
  "Annual-Report-2025 SHINETSU.pdf": 1773266926.802901,
  "AP MEMORY annual report 2024\u5e74\u5ea6\u5e74\u5831\u82f1\u6587\u7248.pdf": 1773426333.5939271,
  "ARDENTECH annual report 2024 \u5e74\u5831ESG.pdf": 1773368092.954406,
  "ARM_Cortex-R52_datasheet.pdf": 1774191131.7590616,
  "asm-2025-annual-report.pdf": 1773595041.3464792,
  "AS_162388_TG_689277_KA_US_2105_1.pdf": 1773522643.3735292,
  "Canon-Broadcast-CINEMA-Lens-Lineup.pdf": 1773541036.7667298,
  "CHIPMOS taiwan annual report 2024 en_ir_year_1820663809.pdf": 1773288185.3997376,
  "CKD ckdreport2025en_all_web.pdf": 1773719592.726002,
  "conf2025e CANON fy2025 result.pdf": 1773190052.538328,
  "CorporateProfile2025_en KOKUSAI ELECTRIC 2025.pdf": 1773191967.1929488,
  "CREATING NANOTECH 2025CNT_pdfc_7917259_132442_3461176.pdf": 1773367005.7399514,
  "CSUN annual report 2024\u3010\u4e0a\u50b3\u3011113\u5e74\u5fd7\u8056\u5de5\u696d\u5e74\u5831V4_20251121\u82f1\u6587\u7248_\u66f4\u65b0\u7e3d\u7d93\u7406\u53ca\u526f\u7e3d\u7d93\u7406\u4e4b\u916c\u91d1P.21-\u300148\u300150.pdf": 1773426877.034019,
  "CXL-Specification_rev4p0_ver1p0_2026February26_clean_evalcopy_v2.pdf": 1773290113.7352402,
  "CXL_4.0-Webinar_December-2025_FINAL.pdf": 1773290368.822621,
  "CXL_Q2-2025-Webinar_FINAL.pdf": 1773290781.699855,
  "DAIFUKU_FY2025Q4e_presentation.pdf": 1773757637.5391681,
  "DAITRON_E_2025Q4_FR.pdf": 1773751140.646586,
  "dar2020 DISCO ANNUAL report 2020.pdf": 1773276946.1054316,
  "DBJIntegratedReport2025.pdf": 1773724718.6660945,
  "DELTA ELECTRONICS annual report 2024.pdf": 1773456005.835978,
  "EGIS annual report 2024 \u795e\u76fe113\u5e74\u5831-EN-\u4e0a\u50b3\u7248-1.pdf": 1773430135.5800693,
  "eMemory annual report 2024 0250521170001.pdf": 1773364325.3768902,
  "EPISIL_News_20240701 annual report 2024.pdf": 1773113603.0925822,
  "E_all_IAR2025 ADVANTEST annual report 2025.pdf": 1773187930.8871472,
  "FAVITE annual report 2024 113\u5e74\u5831_\u82f1\u6587\u7248\u4e0a\u50b3.pdf": 1773524516.3101802,
  "Financial_Results_Briefing_Materials_for_the_Fiscal_Year_Ended_March_2025 RIKKEN KEIKI.pdf": 1773240049.5378778,
  "Flyer-20221128-ITW-Lumex-EN-No-W_SD.pdf": 1773438408.0409548,
  "Flyer_OMNIA_GC_220-180_A4_EN.pdf.pdf": 1774196483.5489082,
  "FUBON FINANCIAL annual report 2024 20250516180322-4.pdf": 1773532147.1094005,
  "FUJI_ELECTRIC_ar2025_02_02_e.pdf": 1773781285.6300385,
  "FUJI_ELECTRIC_ar2025_02_04_e.pdf": 1773781291.6810167,
  "GALLANT annual report 2024 20250331-annual-repor-EN.pdf": 1773426542.2704628,
  "GLOBAL FOUNDRIES-At-A-Glance-Feb2026.pdf": 1773590787.0941617,
  "HBM_GPU_AI_Trends_2026.pdf": 1774382286.2279098,
  "HCL_TECH_Annual-Report-2024-25.pdf": 1773791435.5953104,
  "Himax_2024_Annual_Report.pdf": 1773359283.77883,
  "HTC vacuum en-company-profile.pdf": 1773588543.87764,
  "htcvacuum-valves 2021 product guide.pdf": 1773589508.375397,
  "HY_Report_2025.pdf": 1773592825.7400787,
  "index_report2023_01 SANKI 2023.pdf": 1773266260.5848749,
  "INT25_all_EN_1 EBARA corporation 2024.pdf": 1773190359.1852193,
  "Integrated report LASERTEC 2025.pdf": 1773192321.3297737,
  "IntegratedReport2025_E ACCRETECH 2025.pdf": 1773265413.3037522,
  "integrated_report_2025_a3_en JEOL.pdf": 1773191386.9204216,
  "Integrated_report_2025_A4_eng RIKKEN KEIKI 2025.pdf": 1773240108.5877159,
  "Integrated_Report_2025_all LINTEC.pdf": 1773192238.7933414,
  "Intel Core Ultra Series 3 Processors - Product Brief v1.pdf": 1774191832.8823004,
  "INTERACTION_JP_Medium-Term-Business-Plan\uff082024-2028\uff09.pdf": 1773799565.5953343,
  "ITOCHU_ar2025E.pdf": 1773801486.1323006,
  "JEITA export report 2026.pdf": 1773192180.213562,
  "JSR_annual report_2024_2025_e_all.pdf": 1773804469.034853,
  "KLAC 2025 Annual Report (bookmarked).pdf": 1773100248.165754,
  "KYEC(2449)_4Q25 Investor update_English.pdf": 1773288975.2719216,
  "LAM+RESEARCH+CORP_BOOKMARKS_2025_V1 annual report 2025.pdf": 1773087290.5992708,
  "LAM+RESEARCH+CORP_BOOKMARKS_2025_V1.pdf": 1773087280.5583246,
  "LEATEC FINE CERAMICS 2024Annual Report.pdf": 1773430307.276062,
  "LINEUP2026 MICRONICS JAPAN.pdf": 1773192556.2455547,
  "Los Angeles County Completion Certificate - June 2, 2026 Statewide Direct Primary Election.pdf": 1774319227.2206113,
  "M31 annual report 2024 113M31\u80a1\u6771\u6703\u5e74\u5831ENG-1.pdf": 1773426005.2689645,
  "MANZ 2025_0923_TGV-solutions_DataSheet.pdf": 1773589640.5008066,
  "MANZ 2025_EN_IC_substrate_flyer_1027.pdf": 1773589809.4122179,
  "Manz_brochure_Contract-Manufacturing_EN-4.pdf": 1773589602.1241243,
  "MARKETECH annual report 2024 2505091655322f091.pdf": 1773340940.7275004,
  "MARUMAE_annual_report_2025en.pdf": 1773878251.3318174,
  "MEDIATEK 2024-English-Annual-Report.pdf": 1773343549.2059803,
  "MEGAWIN taiwan annual report 2024 chinese 113.pdf": 1773339931.9430945,
  "MIC taiwan annual report 2024 2505091655322f091.pdf": 1773341669.530069,
  "MISUMI_Integrated_Report_2025_English_all_ver.2.pdf": 1773884340.951785,