{
  "00_shibuara_integrated_report_2025.md": 1777172299.4430728,
  "00_uacj_integrated_report_2025.md": 1777172299.4703515,
  "01_25_3q_results_e.md": 1777172299.4966362,
  "02_25_3q_e.md": 1777172299.524466,
  "113_114_08_15_916123_taiwan_mask_company_annual_report_2024.md": 1777172299.549693,
  "114_all_en_orient_semiconductor_2024_annual_report.md": 1777172299.5824618,
  "2024annual_report_seino.md": 1777172299.7357094,
  "2024_annual_report.md": 1777172299.6007597,
  "2024_annual_report_2.md": 1777172299.638405,
  "2024_annual_report_realtek.md": 1777172299.6622658,
  "2024_shinagawa_update_20240530.md": 1777172299.6876018,
  "2024_win_annual_report.md": 1777172299.69874,
  "2025q3_balance_sheet.md": 1777172299.7451138,
  "26third_all_e_nikon_3q_2025_result.md": 1777172299.7576952,
  "4q25_investor_en_final_windbond_2025.md": 1777172299.7699788,
  "alcor.md": 1777172299.7976122,
  "all_analyst_day_2025_ir_site_new_teradyne_investor_day_mar_2.md": 1777172299.8210175,
  "amat.md": 1777172299.847296,
  "annual_report_2024_asm_final.md": 1777172299.876156,
  "annual_report_2025_shinetsu.md": 1777172299.9101071,
  "ap_memory_annual_report_2024.md": 1777172299.9390547,
  "ardentech_annual_report_2024_esg.md": 1777172299.9582744,
  "ase.md": 1777172299.982573,
  "asm_2025_annual_report.md": 1777172300.0145721,
  "chipmos_taiwan_annual_report_2024_en_ir_year_1820663809.md": 1777172300.0430472,
  "ckd_all_web.md": 1777172300.0657156,
  "conf2025e_canon_fy2025_result.md": 1777172300.0799644,
  "csun_annual_report_2024_113_v4_20251121_p_21_48_50.md": 1777172300.122001,
  "daifuku_presentation.md": 1777172300.2423027,
  "daitron_e_2025q4_fr.md": 1777172300.336724,
  "dar2020_disco_annual_report_2020.md": 1777172300.4142747,
  "dbjintegratedreport2025.md": 1777172300.4772952,
  "delta_electronics_annual_report_2024.md": 1777172300.493576,
  "ec_q4_25_slides_feb2026.md": 1777172300.5832543,
  "egis.md": 1777172300.613129,
  "ememory_annual_report_2024.md": 1777172300.6304646,
  "e_accretech_2025.md": 1777172300.5284016,
  "e_all_iar2025_advantest_annual_report_2025.md": 1777172300.5701723,
  "favite_annual_report_2024_113.md": 1777172300.67439,
  "fubon_financial_annual_report_2024.md": 1777172300.7037475,
  "gallant_annual_report_2024.md": 1777172300.7377634,
  "hcl_tech_annual_report_2024_25.md": 1777172300.8071113,
  "himax_2024_annual_report.md": 1777172300.9531264,
  "hy_report_2025.md": 1777172301.0683112,
  "index_01_sanki_2023.md": 1777172301.1352086,
  "int25_all_en_1_ebara_corporation_2024.md": 1777172301.1847284,
  "integrated_report_lasertec_2025.md": 1777172301.2846735,
  "ir_full_nagase_integrated_report_2025.md": 1777172301.5318496,
  "itochu_ar2025e.md": 1777172301.7645977,
  "itri.md": 1777172301.7878513,
  "jsr_annual_report_2024_2025_e_all.md": 1777172301.884658,
  "klac_2025_annual_report_bookmarked.md": 1777172301.9047275,
  "kyec_2449_4q25_investor_update_english.md": 1777172301.9269657,
  "lam_research_corp_2025_v1_annual_report_2025.md": 1777172301.940624,
  "leatec_fine_ceramics_2024annual_report.md": 1777172301.9661944,
  "m31_annual_report_2024_113m31_eng_1.md": 1777172301.9967618,
  "marketech_annual_report_2024.md": 1777172302.035863,
  "marumae_annual_report_2025en.md": 1777172302.1007588,
  "mediatek_2024_english_annual_report.md": 1777172302.2535887,
  "medipal.md": 1777172302.2918856,
  "mic_taiwan_annual_report_2024.md": 1777172302.3555543,
  "misumi_report_2025_english_all_ver_2.md": 1777172302.4174716,
  "organo_financial_results_for_first_half_of_fiscal_year_endin.md": 1777172302.4814277,
  "phase7_e_canon_presentation_jan_2026.md": 1777172302.492178,
  "phison_2024_annual_report.md": 1777172302.5291147,
  "psmc_annual_reports_2024_en.md": 1777172302.5423539,
  "report_2025_a3_en_jeol.md": 1777172302.5575955,
  "report_2025_a4_eng_rikken_keiki_2025.md": 1777172302.5780292,
  "report_2025_all_lintec.md": 1777172302.6141396,
  "report_2025_shimadzu.md": 1777172302.78705,
  "results_for_the_fiscal_year_ended_march_2025_rikken_keiki.md": 1777172302.8463333,
  "richwave_annual_report_2024.md": 1777172302.9506373,
  "sgs_2025_integrated_report_en.md": 1777172303.032765,
  "sigurd_annual_report_2024_113q4_copy.md": 1777172303.0612147,
  "spirox_annual_report_2024_113.md": 1777172303.0718243,
  "topco_global_annual_2024_annual_113eng.md": 1777172303.0936258,
  "tsmc.md": 1777172303.122655,
  "umc.md": 1777172303.1560802,
  "vis.md": 1777172303.184371,
  "wpg.md": 1777172303.2001004,
  "ysut_snk_integrated_report_2025.md": 1777172303.2118413,
  "zdtco_annual_report_en_revised.md": 1777172303.3531017
}